"","z_GLG_LDL","z_GLG_TG","z_GIANT_BMI","z_MEGASTROKE_AS","z_CARDIOGRAMPLUSC4D_CAD","Cluster","entropy"
"rs7542410",0.123926712555955,0.152134934750707,5.40264861416958,-0.580911650291843,-1.18728226797389,3,0.0296577204765041
"rs2984618",-1.0747202382839,1.32040450591043,5.40463637209331,0.780324322215867,1.26200301911528,3,0.0207707274780322
"rs657452",-1.22334345682676,0.408917780603316,7.21278235461603,0.217909018817,0.817317514888542,3,0.000756133042185173
"rs1167300",-2.48148461083062,-0.098595958001604,5.94914926730053,-0.22831675489373,0.684803858837258,3,0.0286527112193547
"rs2479409",11.0613815572185,2.60438240377429,0.158960493010094,0.769662702508375,2.77708401099314,1,0.000140039259819599
"rs9970807",-0.335961366394206,-1.13661324654279,2.10986483442795,-2.24279557441842,-7.53191893056142,2,0.00858830887961218
"rs9988450",9.65478625014785,15.390879312342,1.2634528762037,-1.29854535972514,1.08984982907684,1,2.42929487457093e-16
"rs6687024",0.259977476818079,2.920133246824,12.8724642985995,-1.28755761960713,0.961101769647053,3,3.37641276804106e-12
"rs11210476",-0.0503839475942596,1.53473839057819,7.91526074223602,-1.15717712873749,-0.2735209374347,3,0.000191195040476868
"rs17381664",1.17025093655342,-0.514932770749376,6.35377066382301,2.4514043513545,1.58551575584038,3,0.00685614381499315
"rs6665579",-5.48538442806814,-0.55442947120256,2.95159734279026,0.130336757263785,2.20366091263422,1,0.096688972241862
"rs12747341",-1.11836127265379,0.295987383245372,7.1906122197643,-2.42212598767168,1.05652921648907,3,0.000887693686844827
"rs1277930",-28.7881768597957,-1.89625503570495,2.01416826363306,-2.22531647836623,-8.43613639312814,1,3.60037539175245e-54
"rs1052053",2.25841176366485,1.22122722210556,0.842157141588091,7.01785510696017,0.972439397799741,2,0.000832437709820271
"rs543874",-1.06163812264713,0.746773987505587,12.399854050876,-0.069992034045385,0.647931741101087,3,2.75975954047221e-11
"rs2820315",-0.770168410197861,0.103079342467812,6.03384867304045,1.32642186594025,4.52358808067181,3,0.00778327821324962
"rs2807834",-6.55348388908566,1.95173226350328,1.61551137046773,0.912890755528465,-1.34906683396814,1,4.42799078488274e-05
"rs2291834",-1.16554118336124,-1.33157464885283,1.90678211047646,-1.36516880670367,-7.06553356925255,2,0.0186770129236229
"rs1321257",0.46783862043457,7.64521283340654,1.41115132150992,1.33983190643899,2.80531774435008,1,0.0414887972015144
"rs7579971",-1.69468431068771,2.23457997135916,15.7593999169791,0.346722240525454,2.93539810338085,3,5.90309540264954e-19
"rs113549125",-23.3103256894562,-8.87586852039871,1.7330845061013,1.19573497038022,-1.97356258800903,1,4.47869947847768e-16
"rs10182181",0.549590902625546,-0.155280738341427,10.0544953085072,0.529152016316979,1.97165941177429,3,2.59599407660318e-07
"rs1260326",-3.68036536996922,-24.5389144310561,3.9106974290818,-0.637345223096465,0.338562681148893,1,3.52373781483596e-33
"rs6544713",-14.4540117203142,-2.86100529415628,2.12436062335594,-1.59594980740171,-4.91496129792544,1,1.31072115901869e-10
"rs9798497",0.442317855186765,2.34268903766888,7.77221253494318,1.72194214176039,2.01282160671928,3,7.43983494068646e-05
"rs1010",-0.877896295051228,-0.371453209920269,3.02625913908002,-1.50044179500047,6.15223201102999,2,0.039620149338199
"rs72838003",-7.37735796527829,-0.638090785596315,0.840814481997097,-1.73100989301236,-1.71620570178867,1,0.0029046047368874
"rs2121279",-1.54519129219354,0.149321437787487,5.58679386387388,-0.11429997792339,0.199536620804734,3,0.0254849527449988
"rs17678683",1.59684617620713,0.354852626932975,0.0571822719318018,-0.951599766513138,5.93159822650771,2,0.0158107939746258
"rs10184004",-4.84314492848004,-6.38401871077432,4.19706193899159,-1.50977831538735,-2.33550030478002,1,0.0905152855903649
"rs1528435",-0.210214837038797,0.52382537868357,5.70029539749056,0.402929620719847,1.84298842847515,3,0.010179271379841
"rs72932560",4.19594022082015,3.12867394915522,4.08240909537658,3.08551496252552,-8.56401885793214,2,3.44355297112155e-09
"rs11692326",-1.05921911853447,-0.655882078610661,5.32654225833954,-0.923781671035846,2.19021428111315,3,0.03204774135875
"rs7599312",-1.02492198533538,1.34693862611027,6.44278604824957,-0.90097803200307,2.38121793353534,3,0.0030350759060335
"rs6804842",-0.46267129034844,-1.8423771621518,5.96303193973736,-0.160229870645004,1.07287032978224,3,0.0205063043782073
"rs35408893",0.52324133445441,0.173609685087124,6.02349852625317,-0.651691820924241,0.250835879941243,3,0.00931249365310399
"rs2681781",-0.137671556412292,0.183634750151648,4.62159547923119,1.83591654730076,3.65638207962176,3,0.0960213612053173
"rs2365389",1.13065578027479,1.36326185246249,6.39277676904949,1.22999226873077,1.55928094373948,3,0.00282965227923102
"rs3849570",2.05179077727889,0.897222877390046,5.56637044330412,0.913080890290631,2.93507227946437,3,0.0387092839504094
"rs9837525",0.310431261644801,0.00571350976649611,7.86679928456841,0.598509532949628,-1.55871478850481,3,0.000140751411865329
"rs1199338",-1.31205967659324,-1.11535108994921,3.06113452642674,0.730474818189695,-5.88837981692218,2,0.0560714633575806
"rs58025624",-1.37067735937125,0.416261736124817,6.67629914440354,0.824597748640587,1.4121459207035,3,0.00213996513896103
"rs57912727",-0.795401864524743,1.4794433726167,10.4748567753887,0.0124081283480543,0.669057812519439,3,4.54805918870642e-08
"rs10938397",3.08993545001467,2.31946198637054,12.9261425273484,0.185037018915776,3.27388439621712,3,1.04778275624705e-11
"rs6835324",0.46713960522413,2.04687865858963,5.36537770055816,-0.109885729765991,1.33458411467781,3,0.0215209577707946
"rs236987",3.70268577453185,6.7319561971008,3.01755019112928,0.771855527153355,0.105146956354308,1,0.0890774724903279
"rs13107325",-1.55267833784075,2.42543627089571,7.04724106374358,-0.0515340122398739,-0.298475333023725,3,0.00371169326053276
"rs13114738",-0.65821498058404,1.7609905645795,6.17027806363511,-1.29332117495093,0.0683120902309163,3,0.0104840659790374
"rs146931551",-0.45046945177317,1.3382711569554,1.37291680564091,7.26676315325681,-0.0946902600872543,2,0.000360334227194177
"rs11727676",-0.560116465723087,0.251535654199898,5.5698218040453,-0.833256648569405,-1.80393625877599,3,0.0294820513109663
"rs7668383",-0.488352755240163,0.313501080390592,0.937502769170445,0.906067738294677,5.92463069205005,2,0.0625166856679504
"rs115917428",0.0352594700625682,1.26912554880335,1.13475483709561,2.3600299328708,6.66403963843526,2,0.0482115606685946
"rs375289",4.34221836927678,5.16065515779204,2.25707739574638,-1.56152470270165,0.36066672812395,1,0.0676977113997617
"rs7730344",-15.4292288721362,-1.05995037468254,5.6724902845297,0.831307391594256,-1.82520566008142,1,1.357662532604e-19
"rs6864049",0.324182328608392,2.6373766718576,5.08792629345352,1.80273399869809,0.424336532389767,3,0.0243537944778683
"rs815611",1.08504889519455,0.377099046189844,5.37837772701911,1.44200841395996,0.625309875050901,3,0.0232855497893423
"rs6882076",-9.74764341889096,-6.46469995827495,1.26967618291718,-0.931877184227594,-1.4458321010319,1,0.00723335006206971
"rs6905560",-1.42806362440208,-0.561006209943332,1.1999787844659,-5.93603359068838,0.332337667673832,2,0.0202595641886501
"rs9349379",1.21151001160615,2.31268435159282,1.66501381329661,0.0569312007586295,-13.6579532088982,2,4.3969226549384e-14
"rs9370868",7.54852469618872,0.569703299196432,1.95751000054605,-0.501953827880805,0.656506945762096,1,0.0283259835660938
"rs1800562",6.18862830174772,-0.321673573381777,1.2044906338691,-1.37316840307439,1.73011461242495,1,0.060948088738726
"rs9264665",-5.04114800726557,-8.10246742753491,1.94173937260213,-2.23222645179064,-2.47424526397301,1,0.00316481321359908
"rs622871",-5.60912266065854,-8.67416407212703,2.49855724627376,-1.11581811047871,-2.28774286262919,1,0.00050459965437855
"rs1155347",2.02332161301437,0.206884579200007,0.173956053234759,-3.08187673272144,-5.44570705400321,2,0.0823018277109122
"rs2082558",1.65275368125806,-0.916685516595128,6.05074295976161,-0.558504401172069,-0.547214901150375,3,0.0311710888551439
"rs72892910",1.41836091557738,0.981455813992808,12.5587927175453,1.87611128802754,1.88330534125719,3,7.99692732067643e-12
"rs9400239",0.292505703128609,1.24590302338506,5.64908935787679,-1.65709633503402,0.732833149864396,3,0.016098074034558
"rs12202017",-2.75412435530304,-0.455389020968464,0.023686212030729,-0.975928293511593,6.7074903863476,2,0.000477857438055269
"rs13201877",0.31837565865187,0.56172998719452,5.16943721460463,1.22122722210556,2.08172714177375,3,0.0240656316580609
"rs1564348",-8.51251550216322,-2.25841176366485,0.661799073484022,0.258397688956075,-2.28555679851562,1,0.0168053100819413
"rs186696265",-3.70508815428683,-5.0506582470804,4.8244115504755,-2.39500805831097,-11.4192794010649,2,6.21581814188873e-05
"rs13191362",0.420527697544103,1.42831921372431,5.78297723036737,-1.46581020545132,2.40424292697552,3,0.00853270987992929
"rs2107595",1.18302308125674,-0.337818457093421,0.0755212383864247,-6.62024665720921,-6.4996632560354,2,0.00142234956495992
"rs4722551",4.89065692273549,-3.92111550255982,0.270468301747628,1.82813028989498,0.583594442660594,1,0.000862344960310217
"rs35659126",1.43150796871045,-18.6197064279853,2.51320264609756,0.119095116092295,-0.759057769315806,1,1.16181856038103e-21
"rs1167827",-1.59148708351536,1.61366550491048,6.18191157071068,2.94057848174508,1.17801832692852,3,0.00342415196482819
"rs4307272",-2.12125915020974,-1.01879563170556,7.01335599367036,0.940424226940958,0.668619077256146,3,0.00237690265485131
"rs4272",3.4116540686684,2.68398670130973,0.181340905875782,4.86166924311412,3.31161230360115,2,0.056872944078575
"rs113249291",-1.85213454325296,-1.56963794719474,5.31129048062488,0.0726777088967656,-2.27644473916565,3,0.0801148948495335
"rs2237658",-2.64057814462573,3.36530589924199,1.2717120722447,-1.58971083610038,-3.82251022322808,1,0.0105538791479915
"rs3918226",1.08189317021699,0.619176638591035,0.979161881005284,-3.20662916151309,-6.02510487760673,2,0.0494139585266078
"rs9987289",-7.65043536387053,2.30690709356422,0.65743694912014,1.55017299356875,-0.0701836344739819,1,2.91280597865053e-06
"rs57076989",0.564478045842543,-5.69283918887952,1.20894897761474,0.516650723916377,3.04846983966255,1,0.0322089016686859
"rs4921914",-3.27947615117212,-7.54197683248097,2.48817647881491,-1.67278311524591,-2.74550959894784,1,0.042771424353004
"rs2410619",1.71367576138035,23.3314926697192,0.19398207760297,0.539850698893538,4.68497068868498,1,2.12966371668482e-28
"rs7459473",1.49480658075353,1.11053675322045,5.38495736622833,2.92595554873181,0.197589436901159,3,0.0251090244614493
"rs2977328",0.330541276853104,1.25056109241369,7.23191694188937,-0.629380471076503,0.75664345453184,3,0.000635159754289539
"rs2033732",0.149194702504517,-0.00225596736074895,5.45530084372037,0.751586108225238,0.361271228071857,3,0.017894734438244
"rs2980860",-11.7786873460187,-16.2266341015497,2.44718403152641,-0.200614524568471,-4.70329190711083,1,2.07278457249324e-18
"rs7357417",-8.02445765652556,0.707804145447289,0.190259395333764,-0.582990047666156,0.447116009964098,1,0.000155177014234649
"rs4740619",0.788849456053797,1.75353626660929,5.86233611010626,0.991994927199247,0.707701895604744,3,0.00750395585254941
"rs10811654",1.70050157420997,-0.0306168730035883,0.277674906620444,-5.58521307018007,-25.0974045226275,2,9.6797404458734e-38
"rs13288841",-0.0841171920496582,1.9449172423213,7.75636132455979,0.157818272152198,2.29617285438862,3,0.00011354436229971
"rs142206847",-0.273129405591969,3.63186799276999,5.21117168296478,1.43953147093844,1.75169248385148,3,0.0375816916588186
"rs6477694",1.05265312403827,0.527422819907637,5.56160811462879,1.06251930227086,0.648543322523199,3,0.0165346272218085
"rs1928295",-1.22017115276019,-0.487082312969102,6.14672317603528,0.113416952850936,0.72468923619046,3,0.00788524322434032
"rs10985976",1.121383661626,1.83401562177973,5.26307333383141,1.82566989843655,1.29913151306236,3,0.0175930139402699
"rs10733682",0.163658486233141,1.53330793672687,5.62734922283125,-1.22043504249962,0.476771138110435,3,0.0180360673878482
"rs2270204",0.47217763774371,0.730311173344206,5.1503505790372,0.717768563118784,2.2180239421768,3,0.0261074555292836
"rs550057",-11.4792937286517,2.27839185023453,0.145609960630826,-4.32288788882073,-5.87651241377902,1,1.67344234893442e-14
"rs11252930",-3.6793297569813,-6.35838540752925,1.26964007780949,1.7011756969231,0.35112296482769,1,0.0474093768447229
"rs12572176",-0.407912883741984,-1.94583259339816,0.517082068000398,-2.57241409268538,-6.6047047514831,2,0.0958671327062937
"rs1870634",-0.296825154463955,-0.62892218686996,1.23669590379574,-0.185164515896833,-7.8137752998876,2,0.000614211939737826
"rs111893040",-0.795711491955653,-1.50158120682534,0.509670836600372,-0.855439777912919,7.87232170811223,2,5.8053983074392e-05
"rs7922587",-3.73346576794272,7.76005063473502,4.36311593701324,1.19139131712033,-1.30851025078966,1,6.69003485571661e-05
"rs76765384",-0.801624275108579,1.25624447227611,5.99561376125977,-0.091242381264334,-0.659441967715906,3,0.0117807426694089
"rs1332326",0.431661373048787,1.22189100617333,0.749924795186393,3.44802584475438,6.08430184846459,2,0.0520179490948579
"rs17094222",-0.41437431017156,1.21464897823399,6.54518947850277,1.00540889183179,0.306257888184045,3,0.00196985043677828
"rs11191568",-0.0472597031037924,-1.39106891170025,7.5629297401295,0.0105280332371783,-5.23837117158263,3,0.00543542208856525
"rs7903146",-1.85539388489964,-2.06991825644528,6.79120600834064,-2.65299945362686,-3.18490806796942,3,0.0174847368636291
"rs4503528",0.703421910807248,-0.88422681541155,6.87563651625449,-0.615385749836389,1.87544157554239,3,0.00298557001784253
"rs10840293",-2.13046636773169,0.198499059879748,0.332415661196418,3.53067545601657,5.68871351230726,2,0.0237713038244828
"rs112256750",0.330792116349344,1.54479246824489,11.3231317254221,1.77976530648353,2.60303159391198,3,6.09168096160501e-10
"rs2176598",1.86472471955105,1.72854812939345,5.54313713234985,3.73555719682696,2.34223580084172,3,0.0178042158177517
"rs7124681",-0.921479766903462,2.09265458608688,8.28734948635305,2.04738803731405,-0.0711414241090004,3,2.58462973546327e-05
"rs174564",-11.3127639426593,11.8897349411399,1.11068342756671,-2.09998682624384,-2.13138667160667,1,3.76228318832687e-33
"rs1384705",-0.762081393575044,-0.802033262146481,0.110683710672371,1.92555469740981,-6.13417917594976,2,0.00356011279082887
"rs12286929",0.182870028624682,1.20734320056505,7.09324841217129,0.584476160064447,0.19129101513442,3,0.000665436906773914
"rs11604424",-9.49748731007077,-27.483339521245,1.04223137727655,1.19496680450836,-3.57584384262878,1,1.3353017557124e-38
"rs7121123",-8.29417281667771,-2.14578669283786,1.56654786661011,1.49352429342361,-2.84150605005637,1,0.0483238191138162
"rs73080487",-0.544699046718433,5.87499721760362,0.77799581278972,0.087341585313657,-0.682464789327897,1,0.0329891647025125
"rs285575",-1.43005930054147,-1.09732350358347,4.9823089896675,0.0935079930288994,2.23218558102727,3,0.0767069958873623
"rs7138803",0.175228615830904,0.828301100079719,10.0617571318022,0.245589523422081,0.862840805994283,3,1.6136451274903e-07
"rs11105354",1.25219175401184,-1.71421089869038,1.6498188118115,-2.31927740058329,6.43072109920577,2,0.000798075270858229
"rs3184504",6.02132032029329,-1.32702624831566,4.43170700370386,-6.88223670672282,-6.10469061657222,2,0.00303248446999678
"rs1169294",-9.07204159035927,-0.0344291108292021,0.762170560449198,-0.313106172158427,-4.33920358980978,1,3.68401341457084e-05
"rs9581860",-0.562854674451901,1.55644076011897,6.86345369778576,-0.668522695007444,1.20987880833733,3,0.00147110374567188
"rs9595595",0.485134232773018,1.40856952839354,4.60779709742024,0.402114176540172,4.3486149584955,3,0.059362061449943
"rs9526212",0.31745286425131,-0.614174533428241,1.06982075096896,5.63232133807367,2.73740501604763,2,0.0538609375877799
"rs12429545",-0.188863246703675,0.49089600892665,7.11813146514782,2.07755895411483,0.820994501845162,3,0.000360895695121346
"rs9540493",-1.98602993599191,-0.118968893639536,5.26316031882747,1.16455294570014,0.614383101181692,3,0.0419571310337216
"rs36012880",6.95637505443749,0.00822887311955118,0.0249491170821735,-0.0519105097482399,0.664859440331257,1,0.0046243477589251
"rs10132280",-0.287016090372478,0.0520360105502628,6.78749147372745,-1.70165532375799,1.14112982867817,3,0.00180178928623027
"rs12885454",0.167978745635397,1.41591634082656,6.36577981522221,1.33523330372109,1.49951415250979,3,0.00219556928748036
"rs11847697",0.538256468686888,2.40732186128041,5.8846073893888,1.40911894438526,2.95461446140685,3,0.00564220590436696
"rs7144011",1.32491302587216,1.55561361169714,7.69782660312616,1.73517394490169,1.77487335935929,3,0.000131451331944663
"rs3783890",-1.45597330259425,-1.43425327126857,4.94562486496918,1.25880714214957,1.09918976989692,3,0.0826534960457101
"rs2010281",-0.871465564868344,-0.263325119667384,5.26199582936224,0.688878071556557,2.61272327066746,3,0.0291946760363623
"rs8035402",0.448806746659589,-8.50013251934995,3.28843492212221,-1.82866372411657,0.29853521899951,1,0.001688926869653
"rs3736485",0.375619219899818,2.83776933679482,5.78131263640429,-1.12946909408066,-0.166114809221495,3,0.0280135003115764
"rs16951275",0.72508481422276,0.292113297427995,8.49907949822857,1.96546882888881,1.25897295668965,3,1.52472194072916e-05
"rs8030477",0.355787114034875,4.62986738215915,5.33678329849341,1.80515775162426,2.13897368051751,3,0.0395966463303559
"rs4468572",-1.20994499532824,-0.284144037630685,1.82419716085861,1.09344150200281,8.12591502987933,2,0.000733661931610893
"rs8042271",-0.620841410039495,0.231422472030885,0.766045970798329,0.307145139187753,-5.5055583709118,2,0.0414972368624717
"rs8033131",1.27067400719111,3.58345370968429,5.3230240203014,-1.2172739558267,0.489658461707625,3,0.076736091872553
"rs7498932",1.62757714939506,1.68116187744429,5.51933368514498,-0.657748113924768,-1.36214572632687,3,0.0447534951468849
"rs758747",-1.15546514008328,-1.01669194252909,6.15573519575612,-0.185037018915776,0.550543426111166,3,0.00948816910118194
"rs879620",-1.62858925705191,1.1197976522064,6.09995248452198,1.19241132972519,-0.302097287718016,3,0.00931785407143153
"rs72771045",0.875877368512935,1.57179331391407,9.05134488106773,0.204836331979817,-0.384749118449652,3,5.58868865924987e-06
"rs11074446",1.81933720860194,1.77028305158185,5.68527804749127,0.337287741136264,2.12177901097676,3,0.0191871343241961
"rs56226746",-0.891964594183088,0.921201350110359,10.4829318889233,0.113416952850936,1.87670308198236,3,3.47617042711801e-08
"rs2080454",0.147674065412036,1.04224091088365,5.40317918247786,1.05047451946611,1.44320546680253,3,0.0142224035081221
"rs17817712",0.0335314310239401,3.12320972770283,28.0083089717973,0.673545990973256,2.72668540857262,3,2.32125833365027e-62
"rs821840",7.48471726327868,7.66577887483613,0.425291255720115,-0.311100331968872,3.65249960090355,1,0.00223214911060897
"rs889398",0.0535420846715067,2.90821356747395,5.00897739151116,1.55226010351268,2.75688427545662,3,0.0280035962293086
"rs2000999",9.75523178346042,4.53878234408757,2.35145801196478,1.04656554488862,3.38360824836688,1,0.0261098520709494
"rs1000940",-0.756415696348337,1.16479989847459,5.68818059044908,-2.02273961775248,-1.47751291098102,3,0.0405486084646498
"rs4986044",2.44413480449863,1.90770001339708,5.26316031882747,2.11265859030119,1.68115660473967,3,0.0455891353128241
"rs9897957",-5.79953976210633,3.0520185947922,3.6008264303957,-0.822653326503823,-1.65570169027255,1,0.00017305409462638
"rs12940622",-0.342732115203429,0.591478285981591,5.9618487161231,0.0775324218311967,1.72098690585866,3,0.00668435377226182
"rs1788820",1.70080292420427,1.33706935239797,5.47367385830685,4.00518104468149,2.61169724383566,3,0.0324586195107605
"rs12956561",-1.39063030018051,-0.246322389664083,5.83078490154996,-0.599859313295029,-1.08100744930826,3,0.0215524004274532
"rs7243357",0.315081203030268,0.250112951991415,5.49727727147085,0.0883481127269327,-0.343878182807425,3,0.0194722841770505
"rs2045438",-1.05258176288462,4.95725948261344,15.5322157945269,1.19753010688623,5.38190905558839,3,5.29793390410401e-19
"rs10404636",-0.97124302939968,2.10364307270412,5.37087895867976,0.490613268634855,1.21271448462112,3,0.0281231230341741
"rs138294113",-24.9690034420127,-1.80537327980763,1.4728595940781,-4.65505133249048,-7.67225390002086,1,9.93508893732669e-41
"rs73004951",12.0312179274844,14.2435964230458,3.80820802083057,0.73967042130981,2.20014230758639,1,1.89550307632959e-16
"rs555697",-0.378524684373047,-0.126561953659847,6.34155279500262,-0.183762214168686,0.71925129393392,3,0.00432508473542718
"rs4420638",-25.8006473507579,-9.63952366744354,3.48016770863237,-0.828301100079719,-6.51916468053848,1,7.7349595724398e-24
"rs11879227",3.66057846023131,-0.97237731241385,9.47828547055246,-0.81407846820531,2.99235956506921,3,0.000333072272067314
"rs3810291",1.65128692903937,4.00165864376137,7.83173053897014,-0.38721100985525,2.37173883698212,3,0.000254975715542575
"rs6029180",-5.15340403881318,-2.88735145737942,1.3413710871669,3.39539361719173,-2.80182137914091,2,0.0672594502386975
"rs6029604",-8.6021571548272,-4.51103332249877,1.3391910448528,-1.53209092039437,-3.88059787830525,1,0.0296203489181598
"rs111602331",-1.32603020054586,-9.46617902387122,0.763026806781446,1.68972802038466,2.30260815341892,1,6.60047570960333e-05
"rs6091542",0.233467098970183,0.621664123146677,5.83528203956611,1.07740359223077,0.238758695770387,3,0.00731345625560345
"rs28451064",0.909853074421067,-0.752916653585357,1.21438694051104,1.86909211390595,-7.99178392188019,2,2.07508749446198e-05
"rs2836754",0.231019053262708,3.16534343440504,5.06144077468719,0.304561691989309,-0.811320047911563,3,0.0826987903926439
"rs427943",-0.616143218687543,1.67390129326555,5.07188229898414,-1.84436475612474,2.3795583191009,3,0.0282392143355802
"rs180803",-0.459326110835663,0.648904663850429,0.608282689440867,1.73460947552417,6.39174802035998,2,0.0337810739196423
